{
    "1457826196502089758": {
        "ticket": {
            "title": "**CENTRAL DE ATENDIMENTO 🌿**",
            "desc": "Olá! Este é o espaço dedicado para você entrar em contato com a nossa equipe de forma privada e segura.\n\n**Como podemos ajudar?**\n✨ | Tire suas dúvidas sobre o servidor.\n⚖️ | Faça denúncias de forma anônima.\n💡 | Envie sugestões ou parcerias.\n🛡️ | Recorra a punições ou peça suporte técnico.\n\n**Instruções:**\nClique no botão abaixo correspondente à sua necessidade. Um canal exclusivo será criado para você!\n\n*Por favor, evite abrir tickets sem um motivo real.*",
            "color": "#2B2D31",
            "logs": null,
            "cargo": null,
            "categoria": "1457826202462064905",
            "banner": "",
            "buttonName": "Suporte",
            "log_aberto": "1457826202944405507",
            "log_assumido": "1457826202944405507",
            "log_fechado": "1457826202944405507",
            "log_transcript": "1457826202944405507",
            "staff_role": "1457826196963196968"
        },
        "pagamentos": {
            "pix": null,
            "info": "Sem info"
        },
        "payments": {
            "pix_key": "3mvazamentos@gmail.com",
            "message": "Apos efetuar o pagamento envie o comprovante e nome do produto."
        }
    }
}